Year,Origin,Destination,Refugees,Returned,IDPs,Storyline
1961,Rwanda,Burundi,30000,0,0,
1961,Rwanda,Dem. Rep. of the Congo,53000,0,0,
1961,Rwanda,Uganda,52000,0,0,
1962,Rwanda,Burundi,30000,0,0,
1962,Rwanda,Dem. Rep. of the Congo,53000,0,0,
1962,Rwanda,Uganda,52000,0,0,
1963,Rwanda,Burundi,34000,0,0,
1963,Rwanda,Dem. Rep. of the Congo,54000,0,0,
1963,Rwanda,Uganda,54000,0,0,
1964,Rwanda,Burundi,58000,0,0,
1964,Rwanda,Dem. Rep. of the Congo,28000,0,0,
1964,Dem. Rep. of the Congo,Uganda,34000,0,0,
1964,Rwanda,Uganda,67000,0,0,
1965,Rwanda,Burundi,52000,4500,0,
1965,Rwanda,Dem. Rep. of the Congo,25000,1300,0,
1965,Dem. Rep. of the Congo,Uganda,28000,0,0,
1965,Rwanda,Uganda,65400,0,0,
1965,Sudan,Uganda,44000,0,0,
1966,Dem. Rep. of the Congo,Burundi,25000,0,0,
1966,Rwanda,Burundi,54000,700,0,
1966,Sudan,Central African Rep.,27000,0,0,
1966,Rwanda,Dem. Rep. of the Congo,24100,0,0,
1966,Sudan,Dem. Rep. of the Congo,33000,0,0,
1966,Dem. Rep. of the Congo,Uganda,33000,0,0,
1966,Rwanda,Uganda,68000,0,0,
1966,Sudan,Uganda,55000,1000,0,
1967,Dem. Rep. of the Congo,Burundi,25000,0,0,
1967,Rwanda,Burundi,54000,0,0,
1967,Sudan,Central African Rep.,21000,0,0,
1967,Rwanda,Dem. Rep. of the Congo,24100,0,0,
1967,Sudan,Dem. Rep. of the Congo,40000,0,0,
1967,Ethiopia,Sudan,28600,0,0,
1967,Dem. Rep. of the Congo,Uganda,34140,0,0,
1967,Rwanda,Uganda,68630,0,0,
1967,Sudan,Uganda,59990,0,0,
1968,Rwanda,Burundi,52200,0,0,
1968,Rwanda,Dem. Rep. of the Congo,24100,0,0,
1968,Sudan,Dem. Rep. of the Congo,66000,0,0,
1968,Viet Nam,Cambodia,22000,0,0,
1968,Ethiopia,Sudan,31000,0,0,
1968,Dem. Rep. of the Congo,Uganda,34430,0,0,
1968,Rwanda,Uganda,69800,0,0,
1968,Sudan,Uganda,71500,0,0,
1969,Rwanda,Burundi,36200,16000,0,
1969,Rwanda,Dem. Rep. of the Congo,24000,250,0,
1969,Sudan,Dem. Rep. of the Congo,59000,0,0,
1969,Viet Nam,Cambodia,22000,0,0,
1969,Ethiopia,Sudan,31000,0,0,
1969,Dem. Rep. of the Congo,Uganda,34530,0,0,
1969,Rwanda,Uganda,71230,0,0,
1969,Sudan,Uganda,71500,300,0,
1970,Rwanda,Burundi,31800,4200,0,
1970,Sudan,Central African Rep.,22670,0,0,
1970,Rwanda,Dem. Rep. of the Congo,24000,0,0,
1970,Sudan,Dem. Rep. of the Congo,55000,0,0,
1970,Sudan,Ethiopia,21000,0,0,
1970,Ethiopia,Sudan,54350,0,0,
1970,Dem. Rep. of the Congo,Uganda,33730,0,0,
1970,Rwanda,Uganda,72000,60,0,
1970,Sudan,Uganda,74000,300,0,
1971,Rwanda,Burundi,32800,0,0,
1971,Sudan,Central African Rep.,23300,2000,0,
1971,Rwanda,Dem. Rep. of the Congo,23500,0,0,
1971,Sudan,Dem. Rep. of the Congo,50000,0,0,
1971,Sudan,Ethiopia,22670,0,0,
1971,Ethiopia,Sudan,55000,0,0,
1971,Dem. Rep. of the Congo,Uganda,33620,360,0,
1971,Rwanda,Uganda,72000,340,0,
1971,Sudan,Uganda,75300,940,0,
1972,Rwanda,Burundi,43290,0,0,
1972,Burundi,Dem. Rep. of the Congo,35000,0,0,
1972,Rwanda,Dem. Rep. of the Congo,23500,0,0,
1972,Sudan,Dem. Rep. of the Congo,36000,15000,0,
1972,Ethiopia,Sudan,44400,8090,0,
1972,Burundi,United Rep. of Tanzania,90000,0,0,
1972,Dem. Rep. of the Congo,Uganda,34300,200,0,
1972,Rwanda,Uganda,72860,340,0,
1972,Sudan,Uganda,59400,17800,0,
1973,Rwanda,Burundi,49000,0,0,
1973,Burundi,Dem. Rep. of the Congo,35000,0,0,
1973,Rwanda,Dem. Rep. of the Congo,24300,0,0,
1973,Ethiopia,Sudan,46300,0,0,
1973,Burundi,United Rep. of Tanzania,90230,0,0,
1973,Dem. Rep. of the Congo,Uganda,34300,0,0,
1973,Rwanda,Uganda,73920,600,0,
1974,Rwanda,Burundi,48500,230,0,
1974,Burundi,Dem. Rep. of the Congo,24000,0,0,
1974,Rwanda,Dem. Rep. of the Congo,24300,0,0,
1974,Ethiopia,Sudan,49200,0,0,
1974,Burundi,United Rep. of Tanzania,90880,0,0,
1974,Rwanda,United Rep. of Tanzania,27420,0,0,
1974,Dem. Rep. of the Congo,Uganda,34390,0,0,
1974,Rwanda,Uganda,78040,100,0,
1975,Rwanda,Burundi,49500,50,0,
1975,Burundi,Dem. Rep. of the Congo,24000,0,0,
1975,Rwanda,Dem. Rep. of the Congo,24300,0,0,
1975,Ethiopia,Sudan,91000,0,0,
1975,Burundi,United Rep. of Tanzania,110540,0,0,
1975,Rwanda,United Rep. of Tanzania,23100,0,0,
1975,Dem. Rep. of the Congo,Uganda,34450,0,0,
1975,Rwanda,Uganda,78120,0,0,
1976,Rwanda,Burundi,49500,80,0,
1976,Rwanda,Dem. Rep. of the Congo,24500,0,0,
1976,Ethiopia,Sudan,105000,0,0,
1976,Burundi,United Rep. of Tanzania,126600,0,0,
1976,Rwanda,United Rep. of Tanzania,23600,0,0,
1976,Dem. Rep. of the Congo,Uganda,34230,0,0,
1976,Rwanda,Uganda,78480,200,0,
1977,Dem. Rep. of the Congo,Angola,225000,0,0,
1977,Rwanda,Burundi,50000,0,0,
1977,Ethiopia,Sudan,145500,1100,0,
1977,Ethiopia,Somalia,500000,0,0,
1977,Burundi,United Rep. of Tanzania,134750,0,0,
1977,Rwanda,United Rep. of Tanzania,24370,0,0,
1977,Dem. Rep. of the Congo,Uganda,34710,0,0,
1977,Rwanda,Uganda,76840,0,0,
1978,Dem. Rep. of the Congo,Angola,110550,107640,0,
1978,Rwanda,Burundi,49430,0,0,
1978,Myanmar,Bangladesh,160000,36000,0,
1978,Rwanda,Dem. Rep. of the Congo,22000,0,0,
1978,Viet Nam,"China, Hong Kong SAR",55710,0,0,
1978,Viet Nam,Malaysia,49580,0,0,
1978,Ethiopia,Sudan,265500,90,0,
1978,Ethiopia,Somalia,600000,8880,0,
1978,Burundi,United Rep. of Tanzania,129580,0,0,
1978,Rwanda,United Rep. of Tanzania,25100,0,0,
1978,Dem. Rep. of the Congo,Uganda,34700,0,0,
1978,Rwanda,Uganda,78000,0,0,
1979,Dem. Rep. of the Congo,Angola,30000,80550,0,
1979,Rwanda,Burundi,49480,0,0,
1979,Viet Nam,China,250000,0,0,
1979,Rwanda,Dem. Rep. of the Congo,22000,0,0,
1979,Ethiopia,Djibouti,28800,0,0,
1979,Viet Nam,"China, Hong Kong SAR",55700,760,0,
1979,Viet Nam,Indonesia,32200,0,0,
1979,Afghanistan,Iran (Islamic Rep. of),100000,0,0,
1979,Iraq,Iran (Islamic Rep. of),30000,0,0,
1979,Viet Nam,Malaysia,34300,0,0,
1979,Afghanistan,Pakistan,400000,0,0,
1979,Ethiopia,Saudi Arabia,100000,0,0,
1979,Ethiopia,Sudan,311200,20900,0,
1979,Ethiopia,Somalia,1175000,0,0,
1979,Burundi,United Rep. of Tanzania,132880,0,0,
1979,Rwanda,United Rep. of Tanzania,26330,0,0,
1979,Dem. Rep. of the Congo,Uganda,34000,0,0,
1979,Rwanda,Uganda,78000,0,0,
1980,Dem. Rep. of the Congo,Burundi,50750,0,0,
1980,Rwanda,Burundi,183810,0,0,
1980,Viet Nam,China,263000,0,0,
1980,Rwanda,Dem. Rep. of the Congo,22000,0,0,
1980,Ethiopia,Djibouti,45310,0,0,
1980,Viet Nam,"China, Hong Kong SAR",24070,6450,0,
1980,Afghanistan,Iran (Islamic Rep. of),300000,0,0,
1980,Iraq,Iran (Islamic Rep. of),30000,0,0,
1980,Afghanistan,Pakistan,1428230,0,0,
1980,Viet Nam,Philippines,20300,6890,0,
1980,Ethiopia,Saudi Arabia,100000,0,0,
1980,Ethiopia,Sudan,411000,0,0,
1980,Ethiopia,Somalia,2000000,0,0,
1980,Burundi,United Rep. of Tanzania,148620,0,0,
1980,Dem. Rep. of the Congo,Uganda,32000,0,0,
1980,Rwanda,Uganda,80000,0,0,
1981,Dem. Rep. of the Congo,Burundi,51090,0,0,
1981,Rwanda,Burundi,183170,160,0,
1981,Viet Nam,China,265000,0,0,
1981,Ethiopia,Djibouti,31600,18800,0,
1981,Afghanistan,Iran (Islamic Rep. of),1500000,0,0,
1981,Iraq,Iran (Islamic Rep. of),65000,0,0,
1981,Afghanistan,Pakistan,2375330,0,0,
1981,Ethiopia,Saudi Arabia,65000,0,0,
1981,Ethiopia,Sudan,488450,7620,0,
1981,Ethiopia,Somalia,700000,0,0,
1981,Burundi,United Rep. of Tanzania,153700,0,0,
1981,Dem. Rep. of the Congo,Uganda,32000,50,0,
1981,Rwanda,Uganda,80000,7050,0,
1982,Dem. Rep. of the Congo,Angola,20060,0,0,
1982,Rwanda,Burundi,234590,160,0,
1982,Viet Nam,China,268350,0,0,
1982,Ethiopia,Djibouti,34000,0,0,
1982,Afghanistan,Iran (Islamic Rep. of),1600000,0,0,
1982,Iraq,Iran (Islamic Rep. of),100000,0,0,
1982,Afghanistan,Pakistan,2877480,0,0,
1982,Ethiopia,Saudi Arabia,57000,0,0,
1982,Ethiopia,Sudan,460000,0,0,
1982,Ethiopia,Somalia,700000,0,0,
1982,Burundi,United Rep. of Tanzania,148270,0,0,
1982,Dem. Rep. of the Congo,Uganda,32000,0,0,
1982,Rwanda,Uganda,80000,0,0,
1983,Dem. Rep. of the Congo,Angola,20060,2600,0,
1983,Rwanda,Burundi,227870,0,0,
1983,Viet Nam,China,272720,0,0,
1983,Ethiopia,Djibouti,29170,5140,0,
1983,Sudan,Ethiopia,31000,0,0,
1983,Afghanistan,Iran (Islamic Rep. of),1800000,0,0,
1983,Iraq,Iran (Islamic Rep. of),100000,0,0,
1983,Afghanistan,Pakistan,2900000,0,0,
1983,Ethiopia,Saudi Arabia,57000,0,0,
1983,Ethiopia,Sudan,484000,0,0,
1983,Ethiopia,Somalia,700000,0,0,
1983,Burundi,United Rep. of Tanzania,148050,0,0,
1983,Dem. Rep. of the Congo,Uganda,31350,0,0,
1983,Rwanda,Uganda,80320,0,0,
1984,Rwanda,Burundi,227870,0,0,
1984,Viet Nam,China,275960,0,0,
1984,Sudan,Ethiopia,180000,0,0,
1984,Afghanistan,Iran (Islamic Rep. of),1900000,0,0,
1984,Iraq,Iran (Islamic Rep. of),100000,0,0,
1984,Afghanistan,Pakistan,2500000,0,0,
1984,Ethiopia,Saudi Arabia,100000,30000,0,
1984,Ethiopia,Sudan,645000,200,0,
1984,Ethiopia,Somalia,701300,0,0,
1984,Burundi,United Rep. of Tanzania,154240,0,0,
1984,Dem. Rep. of the Congo,Uganda,31350,0,0,
1984,Rwanda,Uganda,115350,0,0,
1985,Rwanda,Burundi,224570,2430,0,
1985,Viet Nam,China,275480,0,0,
1985,Sudan,Ethiopia,180000,0,0,
1985,Afghanistan,Iran (Islamic Rep. of),1900000,0,0,
1985,Iraq,Iran (Islamic Rep. of),400000,0,0,
1985,Afghanistan,Pakistan,2729910,0,0,
1985,Burundi,Rwanda,20110,0,0,
1985,Ethiopia,Saudi Arabia,120000,0,0,
1985,Ethiopia,Sudan,786000,115520,0,
1985,Ethiopia,Somalia,812000,0,0,
1985,Burundi,United Rep. of Tanzania,169700,0,0,
1985,Rwanda,United Rep. of Tanzania,21000,0,0,
1985,Dem. Rep. of the Congo,Uganda,32700,0,0,
1985,Rwanda,Uganda,118000,0,0,
1986,Dem. Rep. of the Congo,Burundi,21400,0,0,
1986,Rwanda,Burundi,225000,0,0,
1986,Viet Nam,China,278000,0,0,
1986,Sudan,Ethiopia,132000,0,0,
1986,Afghanistan,Iran (Islamic Rep. of),2190000,0,0,
1986,Iraq,Iran (Islamic Rep. of),400000,0,0,
1986,Afghanistan,Pakistan,2878100,0,0,
1986,Ethiopia,Saudi Arabia,130000,0,0,
1986,Ethiopia,Sudan,677000,109000,0,
1986,Ethiopia,Somalia,700000,104430,0,
1986,Burundi,United Rep. of Tanzania,181220,0,0,
1986,Rwanda,United Rep. of Tanzania,22300,0,0,
1986,Dem. Rep. of the Congo,Uganda,30800,0,0,
1986,Rwanda,Uganda,111600,0,0,
1987,Dem. Rep. of the Congo,Burundi,25000,0,0,
1987,Rwanda,Burundi,242180,0,0,
1987,Viet Nam,China,276800,0,0,
1987,Sudan,Ethiopia,250000,50,0,
1987,Somalia,Ethiopia,60000,0,0,
1987,Afghanistan,Iran (Islamic Rep. of),2350000,0,0,
1987,Iraq,Iran (Islamic Rep. of),410000,0,0,
1987,Afghanistan,Pakistan,3156000,0,0,
1987,Ethiopia,Sudan,627070,25610,0,
1987,Ethiopia,Somalia,840100,30230,0,
1987,Burundi,United Rep. of Tanzania,154440,0,0,
1987,Rwanda,United Rep. of Tanzania,22300,0,0,
1987,Rwanda,Uganda,83860,0,0,
1988,Dem. Rep. of the Congo,Burundi,59602,0,0,
1988,Rwanda,Burundi,207508,0,0,
1988,Viet Nam,China,280500,0,0,
1988,Sudan,Ethiopia,328976,1320,0,
1988,Somalia,Ethiopia,350067,0,0,
1988,Afghanistan,Iran (Islamic Rep. of),2350000,0,0,
1988,Iraq,Iran (Islamic Rep. of),500000,44000,0,
1988,Afghanistan,Pakistan,3254393,0,0,
1988,Burundi,Rwanda,22197,53000,0,
1988,Ethiopia,Sudan,660000,0,0,
1988,Ethiopia,Somalia,834000,1850,0,
1988,Burundi,United Rep. of Tanzania,154657,0,0,
1988,Rwanda,United Rep. of Tanzania,22299,0,0,
1988,Rwanda,Uganda,83588,0,0,
1988,Viet Nam,United States of America,113734,0,0,
1989,Dem. Rep. of the Congo,Burundi,59557,0,0,
1989,Rwanda,Burundi,207486,0,0,
1989,Viet Nam,China,280500,0,0,
1989,Somalia,Djibouti,29960,0,0,
1989,Sudan,Ethiopia,384989,0,0,
1989,Somalia,Ethiopia,324808,0,0,
1989,Afghanistan,Iran (Islamic Rep. of),2350000,0,0,
1989,Iraq,Iran (Islamic Rep. of),500000,0,0,
1989,Viet Nam,Malaysia,20475,18,0,
1989,Afghanistan,Pakistan,3272290,0,0,
1989,Burundi,Rwanda,23290,80,0,
1989,Ethiopia,Sudan,685426,1140,0,
1989,Ethiopia,Somalia,769630,4700,0,
1989,Burundi,United Rep. of Tanzania,154703,0,0,
1989,Rwanda,United Rep. of Tanzania,22290,0,0,
1989,Rwanda,Uganda,75553,0,0,
1989,Sudan,Uganda,52979,0,0,
1989,Viet Nam,United States of America,120243,0,0,
1990,Dem. Rep. of the Congo,Burundi,25850,0,0,
1990,Rwanda,Burundi,242200,0,0,
1990,Viet Nam,China,283426,0,0,
1990,Sudan,Dem. Rep. of the Congo,70900,0,0,
1990,Somalia,Djibouti,76180,0,0,
1990,Sudan,Ethiopia,387585,18440,0,
1990,Somalia,Ethiopia,386000,20190,0,
1990,Afghanistan,Iran (Islamic Rep. of),3061110,0,0,
1990,Iraq,Iran (Islamic Rep. of),1113291,0,0,
1990,Afghanistan,Pakistan,3253000,19290,0,
1990,Burundi,Rwanda,23587,320,0,
1990,Ethiopia,Sudan,856437,0,0,
1990,Ethiopia,Somalia,460000,0,0,
1990,Burundi,United Rep. of Tanzania,154689,0,0,
1990,Rwanda,United Rep. of Tanzania,22297,0,0,
1990,Rwanda,Uganda,82156,0,0,
1990,Sudan,Uganda,61960,0,0,
1990,Viet Nam,United States of America,137577,0,0,
1991,Dem. Rep. of the Congo,Burundi,25840,0,0,
1991,Rwanda,Burundi,243943,0,0,
1991,Myanmar,Bangladesh,40000,0,0,
1991,Viet Nam,China,284536,530,0,
1991,Burundi,Dem. Rep. of the Congo,41243,0,0,
1991,Rwanda,Dem. Rep. of the Congo,50930,0,0,
1991,Sudan,Dem. Rep. of the Congo,90780,0,0,
1991,Somalia,Djibouti,84628,0,0,
1991,Somalia,Ethiopia,513950,0,0,
1991,Afghanistan,Iran (Islamic Rep. of),3186616,0,0,
1991,Iraq,Iran (Islamic Rep. of),1218379,1333860,0,
1991,Somalia,Kenya,95887,0,0,
1991,Afghanistan,Pakistan,3098000,175000,0,
1991,Burundi,Rwanda,33996,590,0,
1991,Iraq,Saudi Arabia,32857,2700,0,
1991,Ethiopia,Sudan,200000,50950,0,
1991,Iraq,Turkey,28049,0,0,
1991,Burundi,United Rep. of Tanzania,148703,5990,0,
1991,Rwanda,United Rep. of Tanzania,50000,0,0,
1991,Rwanda,Uganda,84010,0,0,
1991,Sudan,Uganda,77142,0,0,
1991,Viet Nam,United States of America,158999,0,0,
1991,Somalia,Yemen,26738,0,0,
1992,Dem. Rep. of the Congo,Burundi,25782,70,0,
1992,Rwanda,Burundi,245612,140,0,
1992,Myanmar,Bangladesh,244994,8530,0,
1992,Viet Nam,China,285543,90,0,
1992,Rwanda,Dem. Rep. of the Congo,50929,0,0,
1992,Sudan,Dem. Rep. of the Congo,109373,0,0,
1992,Sudan,Ethiopia,25600,0,0,
1992,Somalia,Ethiopia,406147,0,0,
1992,Afghanistan,Iran (Islamic Rep. of),2900666,216600,0,
1992,Iraq,Iran (Islamic Rep. of),1250057,0,0,
1992,Ethiopia,Kenya,68633,8400,0,
1992,Sudan,Kenya,21800,3500,0,
1992,Somalia,Kenya,285619,4430,0,
1992,Afghanistan,Pakistan,1627000,1360000,0,
1992,Burundi,Rwanda,25153,9680,0,
1992,Iraq,Saudi Arabia,27684,520,0,
1992,Ethiopia,Sudan,200900,0,0,
1992,Burundi,United Rep. of Tanzania,149500,6800,0,
1992,Rwanda,United Rep. of Tanzania,50012,0,0,
1992,Rwanda,Uganda,85806,0,0,
1992,Sudan,Uganda,92110,0,0,
1992,Viet Nam,United States of America,180326,0,0,
1992,Somalia,Yemen,56204,0,0,
1993,Dem. Rep. of the Congo,Burundi,25970,0,0,
1993,Rwanda,Burundi,245548,150,0,
1993,Myanmar,Bangladesh,198823,46129,0,
1993,Sudan,Central African Rep.,23326,182,0,
1993,Viet Nam,China,285500,0,0,
1993,Burundi,Dem. Rep. of the Congo,176351,1705,0,
1993,Rwanda,Dem. Rep. of the Congo,53490,150,0,
1993,Sudan,Dem. Rep. of the Congo,111219,7276,0,
1993,Sudan,Ethiopia,44376,0,0,
1993,Somalia,Ethiopia,228139,0,0,
1993,Afghanistan,India,24421,1853,0,
1993,Afghanistan,Iran (Islamic Rep. of),1850000,0,0,
1993,Iraq,Iran (Islamic Rep. of),645000,0,0,
1993,Ethiopia,Kenya,26466,42504,0,
1993,Sudan,Kenya,31578,186,0,
1993,Somalia,Kenya,219049,66523,0,
1993,Afghanistan,Pakistan,1476876,0,0,
1993,Burundi,Rwanda,250000,0,0,
1993,Iraq,Saudi Arabia,24025,0,0,
1993,Ethiopia,Sudan,173200,13800,0,
1993,Iraq,Syrian Arab Rep.,35453,0,0,
1993,Myanmar,Thailand,82289,0,0,
1993,Burundi,United Rep. of Tanzania,444867,4644,0,
1993,Rwanda,United Rep. of Tanzania,51942,0,0,
1993,Rwanda,Uganda,97000,0,0,
1993,Sudan,Uganda,180000,0,0,
1993,Viet Nam,United States of America,205469,0,0,
1993,Somalia,Yemen,52400,0,0,
1994,Dem. Rep. of the Congo,Burundi,21887,99,0,
1994,Rwanda,Burundi,278092,338000,0,
1994,Myanmar,Bangladesh,116074,85300,0,
1994,Sudan,Central African Rep.,25889,0,0,
1994,Viet Nam,China,285470,0,0,
1994,Burundi,Dem. Rep. of the Congo,180098,1,0,
1994,Rwanda,Dem. Rep. of the Congo,1252837,450000,0,
1994,Sudan,Dem. Rep. of the Congo,111872,0,0,
1994,Somalia,Djibouti,20602,652,0,
1994,Sudan,Ethiopia,51800,0,0,
1994,Somalia,Ethiopia,269739,0,0,
1994,Afghanistan,India,22362,0,0,
1994,Afghanistan,Iran (Islamic Rep. of),1623331,226669,0,
1994,Iraq,Iran (Islamic Rep. of),613000,2290,0,
1994,Sudan,Kenya,27194,0,0,
1994,Somalia,Kenya,206268,59418,0,
1994,Afghanistan,Pakistan,1053000,102658,0,
1994,Ethiopia,Sudan,160585,13820,0,
1994,Iraq,Syrian Arab Rep.,36332,0,0,
1994,Myanmar,Thailand,82422,0,0,
1994,Burundi,United Rep. of Tanzania,202738,271087,0,
1994,Rwanda,United Rep. of Tanzania,626196,210000,0,
1994,Rwanda,Uganda,97000,210000,0,
1994,Sudan,Uganda,180000,0,0,
1994,Viet Nam,United States of America,211376,0,0,
1994,Somalia,Yemen,45350,725,0,
1995,Rwanda,Burundi,153000,39634,0,
1995,Myanmar,Bangladesh,50985,61504,0,
1995,Sudan,Central African Rep.,27252,0,0,
1995,Viet Nam,China,286783,0,0,
1995,Burundi,Dem. Rep. of the Congo,117902,3301,0,
1995,Rwanda,Dem. Rep. of the Congo,1100642,85988,0,
1995,Sudan,Dem. Rep. of the Congo,94192,0,0,
1995,Somalia,Djibouti,21321,0,0,
1995,Sudan,Ethiopia,61113,0,0,
1995,Somalia,Ethiopia,305351,0,0,
1995,Viet Nam,France,20618,0,0,
1995,Afghanistan,Iran (Islamic Rep. of),1429038,194287,0,
1995,Iraq,Iran (Islamic Rep. of),595500,17466,0,
1995,Sudan,Kenya,41215,17,0,
1995,Somalia,Kenya,172164,39821,0,
1995,Afghanistan,Pakistan,1200000,153274,0,
1995,Ethiopia,Sudan,48107,7397,0,
1995,Iraq,Syrian Arab Rep.,33912,3,0,
1995,Myanmar,Thailand,94910,4500,0,
1995,Burundi,United Rep. of Tanzania,227216,1137,0,
1995,Rwanda,United Rep. of Tanzania,547976,13060,0,
1995,Sudan,Uganda,209860,4,0,
1995,Viet Nam,United States of America,201816,0,0,
1995,Somalia,Yemen,49516,3153,0,
1996,Myanmar,Bangladesh,30578,23046,0,
1996,Sudan,Central African Rep.,30671,512,0,
1996,Viet Nam,China,288805,514,0,
1996,Burundi,Dem. Rep. of the Congo,30226,105653,0,
1996,Rwanda,Dem. Rep. of the Congo,423561,776521,0,
1996,Sudan,Dem. Rep. of the Congo,96529,291,0,
1996,Somalia,Djibouti,23010,0,0,
1996,Sudan,Ethiopia,75743,0,0,
1996,Somalia,Ethiopia,287761,0,0,
1996,Afghanistan,Iran (Islamic Rep. of),1414659,14537,0,
1996,Iraq,Iran (Islamic Rep. of),579200,81230,0,
1996,Sudan,Kenya,33477,47,0,
1996,Somalia,Kenya,171347,1010,0,
1996,Afghanistan,Pakistan,1200000,140390,0,
1996,Ethiopia,Sudan,51467,22981,0,
1996,Iraq,Sweden,20152,0,0,
1996,Iraq,Syrian Arab Rep.,26817,21,0,
1996,Myanmar,Thailand,104033,0,0,
1996,Burundi,United Rep. of Tanzania,385452,2308,0,
1996,Dem. Rep. of the Congo,United Rep. of Tanzania,55214,20,0,
1996,Rwanda,United Rep. of Tanzania,20020,506073,0,
1996,Dem. Rep. of the Congo,Uganda,28611,0,0,
1996,Sudan,Uganda,223720,1,0,
1996,Iraq,United States of America,20617,0,0,
1996,Viet Nam,United States of America,174633,0,0,
1996,Somalia,Yemen,43871,229,0,
1997,Myanmar,Bangladesh,21497,10070,0,
1997,Sudan,Central African Rep.,32541,0,0,
1997,Viet Nam,China,290621,278,0,
1997,Burundi,Dem. Rep. of the Congo,47004,24511,0,
1997,Rwanda,Dem. Rep. of the Congo,37000,178429,0,
1997,Sudan,Dem. Rep. of the Congo,61181,0,0,
1997,Somalia,Djibouti,21546,106,0,
1997,Sudan,Ethiopia,56868,0,0,
1997,Somalia,Ethiopia,249235,50000,0,
1997,Afghanistan,Iran (Islamic Rep. of),1411759,2000,0,
1997,Iraq,Iran (Islamic Rep. of),570794,10438,0,
1997,Sudan,Kenya,37351,23,0,
1997,Somalia,Kenya,174119,277,0,
1997,Afghanistan,Pakistan,1200000,84500,0,
1997,Dem. Rep. of the Congo,Rwanda,27105,0,0,
1997,Ethiopia,Sudan,44284,7300,0,
1997,Iraq,Sweden,21420,0,0,
1997,Iraq,Syrian Arab Rep.,21143,0,0,
1997,Myanmar,Thailand,105216,0,0,
1997,Burundi,United Rep. of Tanzania,459420,60700,0,
1997,Dem. Rep. of the Congo,United Rep. of Tanzania,74313,24400,0,
1997,Sudan,Uganda,160365,63310,0,
1997,Iraq,United States of America,25384,0,0,
1997,Somalia,United States of America,22613,0,0,
1997,Viet Nam,United States of America,137787,0,0,
1997,Somalia,Yemen,37439,400,0,
1998,Dem. Rep. of the Congo,Burundi,23085,3609,0,
1998,Myanmar,Bangladesh,22174,106,0,
1998,Sudan,Central African Rep.,33950,7,0,
1998,Viet Nam,China,292267,0,0,
1998,Rwanda,Dem. Rep. of the Congo,35000,2419,0,
1998,Sudan,Dem. Rep. of the Congo,31100,0,0,
1998,Somalia,Djibouti,21615,243,0,
1998,Sudan,Ethiopia,58580,0,0,
1998,Somalia,Ethiopia,195345,47881,0,
1998,Afghanistan,Iran (Islamic Rep. of),1400722,14000,0,
1998,Iraq,Iran (Islamic Rep. of),530610,12016,0,
1998,Sudan,Kenya,48162,89,0,
1998,Somalia,Kenya,164657,1570,0,
1998,Iraq,Netherlands,24388,0,0,
1998,Afghanistan,Pakistan,1200000,93000,0,
1998,Dem. Rep. of the Congo,Rwanda,31967,13,0,
1998,Ethiopia,Sudan,35559,8406,0,
1998,Iraq,Sweden,22623,0,0,
1998,Myanmar,Thailand,101686,0,0,
1998,Burundi,United Rep. of Tanzania,473768,14763,0,
1998,Dem. Rep. of the Congo,United Rep. of Tanzania,58282,52700,0,
1998,Sudan,Uganda,189840,0,0,
1998,Iraq,United States of America,22343,0,0,
1998,Somalia,United States of America,24419,0,0,
1998,Viet Nam,United States of America,105692,0,0,
1998,Somalia,Yemen,57426,1659,0,
1999,Dem. Rep. of the Congo,Burundi,20760,3621,0,
1999,Myanmar,Bangladesh,22131,1128,0,
1999,Sudan,Central African Rep.,35457,3,0,
1999,Viet Nam,China,293227,0,0,
1999,Rwanda,Dem. Rep. of the Congo,33000,35996,0,
1999,Sudan,Dem. Rep. of the Congo,68000,40,0,
1999,Somalia,Djibouti,21648,158,0,
1999,Sudan,Ethiopia,70262,0,0,
1999,Somalia,Ethiopia,180862,22990,0,
1999,Afghanistan,Iran (Islamic Rep. of),1325724,161094,0,
1999,Iraq,Iran (Islamic Rep. of),509964,20593,0,
1999,Sudan,Kenya,64254,90,0,
1999,Somalia,Kenya,141088,34,0,
1999,Afghanistan,Netherlands,20256,0,0,
1999,Iraq,Netherlands,24875,0,0,
1999,Afghanistan,Pakistan,1200000,91834,0,
1999,Dem. Rep. of the Congo,Rwanda,32951,12000,0,
1999,Ethiopia,Sudan,35396,0,0,
1999,Iraq,Sweden,23585,0,0,
1999,Sudan,Chad,23310,1,0,
1999,Myanmar,Thailand,99716,0,0,
1999,Burundi,United Rep. of Tanzania,498982,11317,0,
1999,Dem. Rep. of the Congo,United Rep. of Tanzania,98545,0,0,
1999,Rwanda,United Rep. of Tanzania,20098,1048,0,
1999,Sudan,Uganda,200565,4,0,
1999,Somalia,United States of America,27874,0,0,
1999,Viet Nam,United States of America,78355,0,0,
1999,Somalia,Yemen,55186,1856,0,
1999,Dem. Rep. of the Congo,Zambia,36421,0,0,
2000,Dem. Rep. of the Congo,Burundi,25847,336,0,
2000,Myanmar,Bangladesh,21556,1323,0,
2000,Sudan,Central African Rep.,36151,54,0,
2000,Viet Nam,China,294057,0,0,
2000,Rwanda,Dem. Rep. of the Congo,46280,23340,0,
2000,Sudan,Dem. Rep. of the Congo,72910,0,0,
2000,Dem. Rep. of the Congo,Congo,97600,0,0,
2000,Somalia,Djibouti,21698,1139,0,
2000,Sudan,Ethiopia,71732,0,0,
2000,Somalia,Ethiopia,121096,43467,0,
2000,Somalia,United Kingdom,26891,0,0,
2000,Afghanistan,Iran (Islamic Rep. of),1482000,215566,0,
2000,Iraq,Iran (Islamic Rep. of),386000,3637,0,
2000,Sudan,Kenya,55585,172,0,
2000,Somalia,Kenya,137376,824,0,
2000,Afghanistan,Netherlands,23629,0,0,
2000,Iraq,Netherlands,25284,0,0,
2000,Afghanistan,Pakistan,2000000,76773,0,
2000,Dem. Rep. of the Congo,Rwanda,27441,7000,0,
2000,Ethiopia,Sudan,34132,1189,0,
2000,Iraq,Sweden,25570,0,0,
2000,Myanmar,Thailand,104569,0,0,
2000,Burundi,United Rep. of Tanzania,538448,6547,0,
2000,Dem. Rep. of the Congo,United Rep. of Tanzania,110412,7,0,
2000,Rwanda,United Rep. of Tanzania,27372,2176,0,
2000,Sudan,Uganda,212156,12,0,
2000,Somalia,United States of America,34005,0,0,
2000,Viet Nam,United States of America,49008,0,0,
2000,Somalia,Yemen,56524,395,0,
2000,Dem. Rep. of the Congo,Zambia,45051,5800,0,
2001,Dem. Rep. of the Congo,Burundi,26670,0,0,
2001,Myanmar,Bangladesh,22106,283,0,
2001,Sudan,Central African Rep.,36345,0,0,
2001,Viet Nam,China,295276,0,0,
2001,Rwanda,Dem. Rep. of the Congo,30414,16778,0,
2001,Sudan,Dem. Rep. of the Congo,75009,173,0,
2001,Dem. Rep. of the Congo,Congo,92778,0,0,
2001,Somalia,Djibouti,21712,165,0,
2001,Sudan,Ethiopia,80934,0,0,
2001,Somalia,Ethiopia,67129,50216,0,
2001,Somalia,United Kingdom,31366,0,0,
2001,Afghanistan,Iran (Islamic Rep. of),1482000,18000,0,
2001,Iraq,Iran (Islamic Rep. of),386000,1727,0,
2001,Sudan,Kenya,69804,69,0,
2001,Somalia,Kenya,144349,345,0,
2001,Afghanistan,Netherlands,26024,0,0,
2001,Iraq,Netherlands,25978,0,0,
2001,Afghanistan,Pakistan,2197821,8000,0,
2001,Dem. Rep. of the Congo,Rwanda,33064,0,0,
2001,Iraq,Sweden,25889,0,0,
2001,Myanmar,Thailand,110313,0,0,
2001,Burundi,United Rep. of Tanzania,521180,27624,0,
2001,Dem. Rep. of the Congo,United Rep. of Tanzania,117516,348,0,
2001,Sudan,Uganda,176766,0,0,
2001,Somalia,United States of America,33750,0,0,
2001,Viet Nam,United States of America,35110,0,0,
2001,Somalia,Yemen,67485,527,0,
2001,Dem. Rep. of the Congo,Zambia,56132,745,0,
2002,Dem. Rep. of the Congo,Burundi,39762,0,0,
2002,Myanmar,Bangladesh,21967,760,0,
2002,Sudan,Central African Rep.,37375,0,0,
2002,Viet Nam,China,297219,0,0,
2002,Rwanda,Dem. Rep. of the Congo,20510,14266,0,
2002,Sudan,Dem. Rep. of the Congo,75781,265,0,
2002,Dem. Rep. of the Congo,Congo,83515,1,0,
2002,Afghanistan,Germany,52289,0,0,
2002,Iraq,Germany,72697,0,0,
2002,Viet Nam,Germany,26888,0,0,
2002,Somalia,Djibouti,20251,2119,0,
2002,Sudan,Ethiopia,89952,0,0,
2002,Somalia,Ethiopia,37532,29633,0,
2002,Afghanistan,United Kingdom,20305,0,0,
2002,Iraq,United Kingdom,20580,0,0,
2002,Somalia,United Kingdom,34131,0,0,
2002,Afghanistan,Iran (Islamic Rep. of),1104909,376247,0,
2002,Iraq,Iran (Islamic Rep. of),201671,1142,0,
2002,Sudan,Kenya,57779,82,0,
2002,Somalia,Kenya,155767,220,0,
2002,Afghanistan,Netherlands,26001,0,0,
2002,Iraq,Netherlands,26215,0,0,
2002,Afghanistan,Pakistan,1226569,1569248,0,
2002,Dem. Rep. of the Congo,Rwanda,29281,9000,0,
2002,Iraq,Sweden,25698,0,0,
2002,Myanmar,Thailand,112238,0,0,
2002,Burundi,United Rep. of Tanzania,540861,50900,0,
2002,Dem. Rep. of the Congo,United Rep. of Tanzania,140301,14,0,
2002,Sudan,Uganda,188194,17,0,
2002,Somalia,United States of America,28693,0,0,
2002,Viet Nam,United States of America,30501,0,0,
2002,Somalia,Yemen,80763,52,0,
2002,Dem. Rep. of the Congo,Zambia,49160,3000,0,
2003,Dem. Rep. of the Congo,Burundi,40568,0,0,
2003,Sudan,Central African Rep.,36479,0,0,
2003,Viet Nam,China,299287,0,0,
2003,Sudan,Dem. Rep. of the Congo,45060,98,0,
2003,Dem. Rep. of the Congo,Congo,81004,2506,0,
2003,Afghanistan,Germany,46975,0,0,
2003,Iraq,Germany,73489,0,0,
2003,Viet Nam,Germany,25357,0,0,
2003,Somalia,Djibouti,25474,246,0,
2003,Sudan,Ethiopia,94899,3,0,
2003,Somalia,Ethiopia,28276,9240,0,
2003,Afghanistan,United Kingdom,21718,82,0,
2003,Iraq,United Kingdom,23421,0,0,
2003,Somalia,United Kingdom,36106,0,0,
2003,Afghanistan,Iran (Islamic Rep. of),834699,269391,0,
2003,Iraq,Iran (Islamic Rep. of),150196,50524,0,
2003,Sudan,Kenya,63197,6,0,
2003,Somalia,Kenya,154272,713,0,
2003,Afghanistan,Netherlands,26433,81,0,
2003,Iraq,Netherlands,28640,0,0,
2003,Afghanistan,Pakistan,1123647,375526,0,
2003,Dem. Rep. of the Congo,Rwanda,34725,0,0,
2003,Iraq,Sweden,23918,0,0,
2003,Sudan,Chad,110000,0,0,
2003,Myanmar,Thailand,118762,0,0,
2003,Burundi,United Rep. of Tanzania,494209,79925,0,
2003,Dem. Rep. of the Congo,United Rep. of Tanzania,150160,39,0,
2003,Sudan,Uganda,198281,5,0,
2003,Somalia,United States of America,25421,0,0,
2003,Viet Nam,United States of America,21250,0,0,
2003,Somalia,Yemen,59246,12,0,
2003,Dem. Rep. of the Congo,Zambia,58405,26,0,
2004,Dem. Rep. of the Congo,Burundi,48424,11166,0,
2004,Myanmar,Bangladesh,20402,210,0,
2004,Viet Nam,China,299287,0,0,
2004,Sudan,Dem. Rep. of the Congo,45226,172,0,
2004,Dem. Rep. of the Congo,Congo,58834,5,0,
2004,Afghanistan,Germany,38576,0,0,
2004,Iraq,Germany,68071,0,0,
2004,Viet Nam,Germany,21006,0,0,
2004,Sudan,Ethiopia,90451,40,0,
2004,Afghanistan,United Kingdom,22494,19,0,
2004,Iraq,United Kingdom,22763,0,0,
2004,Somalia,United Kingdom,36700,0,0,
2004,Afghanistan,Iran (Islamic Rep. of),952802,454547,0,
2004,Iraq,Iran (Islamic Rep. of),93173,191648,0,
2004,Sudan,Kenya,67556,0,0,
2004,Somalia,Kenya,153627,78,0,
2004,Afghanistan,Netherlands,25907,0,0,
2004,Iraq,Netherlands,27622,0,0,
2004,Afghanistan,Pakistan,1290408,424477,0,
2004,Dem. Rep. of the Congo,Rwanda,45460,439,0,
2004,Iraq,Sweden,22028,0,0,
2004,Sudan,Chad,224924,0,0,
2004,Myanmar,Thailand,120814,0,0,
2004,Burundi,United Rep. of Tanzania,443706,89039,0,
2004,Dem. Rep. of the Congo,United Rep. of Tanzania,153474,24,0,
2004,Sudan,Uganda,214673,59,0,
2004,Somalia,United States of America,31110,0,0,
2004,Somalia,Yemen,63511,9,0,
2004,Dem. Rep. of the Congo,Zambia,66248,0,0,
2005,Dem. Rep. of the Congo,Burundi,20359,1428,0,
2005,Myanmar,Bangladesh,21053,92,0,
2005,Viet Nam,China,300897,0,0,
2005,Rwanda,Dem. Rep. of the Congo,42360,8048,0,
2005,Dem. Rep. of the Congo,Congo,56380,7286,0,
2005,Afghanistan,Germany,31055,197,0,
2005,Iraq,Germany,52922,0,0,
2005,Viet Nam,Germany,30786,0,0,
2005,Sudan,Ethiopia,73927,0,0,
2005,Afghanistan,United Kingdom,22532,354,0,
2005,Iraq,United Kingdom,22363,0,0,
2005,Somalia,United Kingdom,36319,0,0,
2005,Afghanistan,Iran (Islamic Rep. of),920248,289647,0,
2005,Iraq,Iran (Islamic Rep. of),54000,55267,0,
2005,Sudan,Kenya,76646,132,0,
2005,Somalia,Kenya,150459,107,0,
2005,Afghanistan,Netherlands,25086,206,0,
2005,Iraq,Netherlands,26618,0,0,
2005,Afghanistan,Pakistan,1084208,461118,0,
2005,Dem. Rep. of the Congo,Rwanda,41403,10225,0,
2005,Iraq,Sweden,21046,0,0,
2005,Iraq,Syrian Arab Rep.,24874,0,0,
2005,Sudan,Chad,228836,0,0,
2005,Myanmar,Thailand,116499,0,0,
2005,Burundi,United Rep. of Tanzania,393611,62338,0,
2005,Dem. Rep. of the Congo,United Rep. of Tanzania,150112,19156,0,
2005,Dem. Rep. of the Congo,Uganda,20564,1,0,
2005,Rwanda,Uganda,20213,1586,0,
2005,Sudan,Uganda,212857,31,0,
2005,Somalia,United States of America,34207,0,0,
2005,Somalia,Yemen,78582,43,0,
2005,Dem. Rep. of the Congo,Zambia,61243,26,0,
2006,Sudan,Australia,21241,0,0,
2006,Myanmar,Bangladesh,26268,0,0,
2006,Viet Nam,China,300897,0,0,
2006,Rwanda,Dem. Rep. of the Congo,37313,5828,0,
2006,Dem. Rep. of the Congo,Congo,46341,10034,0,
2006,Afghanistan,Germany,21879,172,0,
2006,Iraq,Germany,36205,0,0,
2006,Sudan,Ethiopia,66980,5937,0,
2006,Afghanistan,United Kingdom,23069,523,0,
2006,Iraq,United Kingdom,21984,103,0,
2006,Somalia,United Kingdom,34138,7,0,
2006,Afghanistan,Iran (Islamic Rep. of),914260,243648,0,
2006,Iraq,Iran (Islamic Rep. of),54024,0,0,
2006,Iraq,Jordan,500000,173,0,
2006,Sudan,Kenya,73004,2186,0,
2006,Somalia,Kenya,173702,2,0,
2006,Myanmar,Malaysia,21544,0,0,
2006,Afghanistan,Netherlands,21357,162,0,
2006,Iraq,Netherlands,21782,0,0,
2006,Afghanistan,Pakistan,1043984,143019,0,
2006,Dem. Rep. of the Congo,Rwanda,46272,0,0,
2006,Iraq,Sweden,23852,0,0,
2006,Iraq,Syrian Arab Rep.,700000,0,0,
2006,Sudan,Chad,233025,8500,0,
2006,Myanmar,Thailand,132241,0,0,
2006,Burundi,United Rep. of Tanzania,352640,42765,0,
2006,Dem. Rep. of the Congo,United Rep. of Tanzania,127973,23735,0,
2006,Dem. Rep. of the Congo,Uganda,28766,8,0,
2006,Rwanda,Uganda,21866,56,0,
2006,Sudan,Uganda,215675,5835,0,
2006,Ethiopia,United States of America,24853,0,0,
2006,Sudan,United States of America,28123,0,0,
2006,Somalia,United States of America,72546,0,0,
2006,Viet Nam,United States of America,45757,0,0,
2006,Somalia,Yemen,91587,551,0,
2006,Dem. Rep. of the Congo,Zambia,60874,4742,0,
2007,Dem. Rep. of the Congo,Burundi,23914,377,0,
2007,Myanmar,Bangladesh,27544,0,0,
2007,Viet Nam,China,300897,0,0,
2007,Rwanda,Dem. Rep. of the Congo,29814,9408,0,
2007,Dem. Rep. of the Congo,Congo,27605,19402,0,
2007,Afghanistan,Germany,24236,46,0,
2007,Iraq,Germany,34731,0,0,
2007,Sudan,Ethiopia,35493,22996,0,
2007,Somalia,Ethiopia,25843,0,0,
2007,Afghanistan,United Kingdom,23565,387,0,
2007,Iraq,United Kingdom,22021,18,0,
2007,Somalia,United Kingdom,33659,1,0,
2007,Afghanistan,Iran (Islamic Rep. of),906071,7462,0,
2007,Iraq,Iran (Islamic Rep. of),57414,238,0,
2007,Iraq,Jordan,500000,0,0,
2007,Sudan,Kenya,45261,19159,0,
2007,Somalia,Kenya,192420,0,0,
2007,Iraq,Kuwait,30131,0,0,
2007,Iraq,Lebanon,50000,132,0,
2007,Myanmar,Malaysia,29474,0,0,
2007,Afghanistan,Pakistan,2034416,365663,0,
2007,Dem. Rep. of the Congo,Rwanda,50731,1933,0,
2007,Iraq,Sweden,30423,0,0,
2007,Iraq,Syrian Arab Rep.,1500000,45000,0,
2007,Sudan,Chad,242555,0,0,
2007,Myanmar,Thailand,124562,0,0,
2007,Burundi,United Rep. of Tanzania,336277,39506,0,
2007,Dem. Rep. of the Congo,United Rep. of Tanzania,97099,28370,0,
2007,Dem. Rep. of the Congo,Uganda,41782,158,0,
2007,Sudan,Uganda,162063,76575,0,
2007,Somalia,Yemen,110616,346,0,
2007,Dem. Rep. of the Congo,Zambia,55434,7826,0,
2008,Dem. Rep. of the Congo,Burundi,20757,2,0,
2008,Myanmar,Bangladesh,28337,0,0,
2008,Viet Nam,China,300897,0,0,
2008,Rwanda,Dem. Rep. of the Congo,22643,8074,0,
2008,Afghanistan,Germany,25108,32,0,
2008,Iraq,Germany,38854,0,0,
2008,Sudan,Ethiopia,25913,10368,0,
2008,Somalia,Ethiopia,33625,0,0,
2008,Afghanistan,United Kingdom,23079,347,0,
2008,Iraq,United Kingdom,21483,0,0,
2008,Somalia,United Kingdom,31665,0,0,
2008,Afghanistan,Iran (Islamic Rep. of),935595,3656,0,
2008,Iraq,Iran (Islamic Rep. of),44444,3490,0,
2008,Iraq,Jordan,500000,1370,0,
2008,Ethiopia,Kenya,22649,1,0,
2008,Sudan,Kenya,28496,9876,0,
2008,Somalia,Kenya,259121,0,0,
2008,Iraq,Kuwait,30193,0,0,
2008,Iraq,Lebanon,50000,114,0,
2008,Myanmar,Malaysia,33781,0,0,
2008,Afghanistan,Pakistan,1780150,274200,0,
2008,Dem. Rep. of the Congo,Rwanda,52409,0,0,
2008,Iraq,Sweden,32120,0,0,
2008,Iraq,Syrian Arab Rep.,1100000,4160,0,
2008,Sudan,Chad,267966,22000,0,
2008,Myanmar,Thailand,111555,0,0,
2008,Burundi,United Rep. of Tanzania,240480,94891,0,
2008,Dem. Rep. of the Congo,United Rep. of Tanzania,79706,15681,0,
2008,Dem. Rep. of the Congo,Uganda,76498,14327,0,
2008,Sudan,Uganda,56883,46858,0,
2008,Somalia,Yemen,132275,144,0,
2008,Dem. Rep. of the Congo,Zambia,47329,9700,0,
2009,Dem. Rep. of the Congo,Burundi,24614,49,0,
2009,Myanmar,Bangladesh,228557,0,0,
2009,Dem. Rep. of the Congo,Central African Rep.,20899,7,0,
2009,Viet Nam,China,300897,0,0,
2009,Rwanda,Dem. Rep. of the Congo,80525,14780,0,
2009,Dem. Rep. of the Congo,Congo,103213,85,0,
2009,Afghanistan,Germany,30320,6,0,
2009,Iraq,Germany,49033,530,0,
2009,Viet Nam,Germany,25215,0,0,
2009,Sudan,Ethiopia,23516,1023,0,
2009,Somalia,Ethiopia,58980,0,0,
2009,Afghanistan,United Kingdom,23658,99,0,
2009,Iraq,United Kingdom,21287,340,0,
2009,Somalia,United Kingdom,32299,0,0,
2009,Afghanistan,Iran (Islamic Rep. of),1022494,6028,0,
2009,Iraq,Iran (Islamic Rep. of),47924,5620,0,
2009,Iraq,Jordan,450000,2470,0,
2009,Sudan,Kenya,20315,665,0,
2009,Somalia,Kenya,310280,0,0,
2009,Iraq,Lebanon,50000,310,0,
2009,Myanmar,Malaysia,61412,0,0,
2009,Afghanistan,Pakistan,1739935,51290,0,
2009,Dem. Rep. of the Congo,Rwanda,53647,0,0,
2009,Iraq,Sweden,31558,1990,0,
2009,Iraq,Syrian Arab Rep.,1050000,18210,0,
2009,Sudan,Chad,262194,966,0,
2009,Myanmar,Thailand,104107,0,0,
2009,Burundi,United Rep. of Tanzania,53823,29115,0,
2009,Dem. Rep. of the Congo,United Rep. of Tanzania,63275,1458,0,
2009,Dem. Rep. of the Congo,Uganda,73175,25616,0,
2009,Sudan,Uganda,20836,29917,0,
2009,Somalia,Yemen,161468,21,0,
2009,Dem. Rep. of the Congo,Zambia,21965,16985,0,
2010,Dem. Rep. of the Congo,Burundi,28957,1101,0,
2010,Myanmar,Bangladesh,229226,0,0,
2010,Viet Nam,China,300897,0,0,
2010,Rwanda,Dem. Rep. of the Congo,69836,10807,0,
2010,Dem. Rep. of the Congo,Congo,124244,4,0,
2010,Afghanistan,Germany,30404,0,0,
2010,Iraq,Germany,50432,0,0,
2010,Viet Nam,Germany,24918,0,0,
2010,Sudan,Ethiopia,25238,47,0,
2010,Somalia,Ethiopia,81247,0,0,
2010,Afghanistan,United Kingdom,23406,0,0,
2010,Somalia,United Kingdom,23893,0,0,
2010,Afghanistan,Iran (Islamic Rep. of),1027577,8487,0,
2010,Iraq,Iran (Islamic Rep. of),45708,1662,0,
2010,Iraq,Jordan,450000,106,0,
2010,Ethiopia,Kenya,21253,0,0,
2010,Sudan,Kenya,20528,64,0,
2010,Somalia,Kenya,351773,6,0,
2010,Myanmar,Malaysia,76120,0,0,
2010,Afghanistan,Pakistan,1899842,109383,0,
2010,Dem. Rep. of the Congo,Rwanda,55027,0,0,
2010,Dem. Rep. of the Congo,Sudan,20980,1,0,
2010,Iraq,Sweden,29013,0,0,
2010,Iraq,Syrian Arab Rep.,1000000,194,0,
2010,Sudan,Chad,278257,4000,0,
2010,Myanmar,Thailand,95718,0,0,
2010,Burundi,United Rep. of Tanzania,47350,1012,0,
2010,Dem. Rep. of the Congo,United Rep. of Tanzania,60186,0,0,
2010,Dem. Rep. of the Congo,Uganda,81804,6177,0,
2010,Somalia,Yemen,179845,16,0,
2011,Dem. Rep. of the Congo,Burundi,35213,486,0,
2011,Myanmar,Bangladesh,229644,0,0,
2011,Viet Nam,China,300897,0,0,
2011,Rwanda,Dem. Rep. of the Congo,61481,8352,0,
2011,Dem. Rep. of the Congo,Congo,131648,763,0,
2011,Afghanistan,Germany,30425,0,0,
2011,Iraq,Germany,48976,905,0,
2011,Viet Nam,Germany,24261,0,0,
2011,Sudan,Ethiopia,45286,268,0,
2011,Somalia,Ethiopia,185466,0,0,
2011,Afghanistan,Iran (Islamic Rep. of),840451,18851,0,
2011,Iraq,Iran (Islamic Rep. of),45937,18015,0,
2011,Iraq,Jordan,450000,4575,0,
2011,Ethiopia,Kenya,21857,0,0,
2011,Somalia,Kenya,517666,70,0,
2011,Myanmar,Malaysia,81146,0,0,
2011,Afghanistan,Pakistan,1701945,52096,0,
2011,Dem. Rep. of the Congo,Rwanda,54955,0,0,
2011,Dem. Rep. of the Congo,South Sudan,22186,0,0,
2011,Sudan,South Sudan,76845,0,0,
2011,Iraq,Sweden,27367,2265,0,
2011,Iraq,Syrian Arab Rep.,750000,28230,0,
2011,Sudan,Chad,298311,30885,0,
2011,Myanmar,Thailand,88148,0,0,
2011,Burundi,United Rep. of Tanzania,67549,339,0,
2011,Dem. Rep. of the Congo,United Rep. of Tanzania,61913,102,0,
2011,Dem. Rep. of the Congo,Uganda,81487,7985,0,
2011,Somalia,Yemen,204685,106,0,
2012,Dem. Rep. of the Congo,Angola,20740,0,0,
2012,Dem. Rep. of the Congo,Burundi,41349,260,0,
2012,Myanmar,Bangladesh,230674,0,0,
2012,Viet Nam,China,300897,0,0,
2012,Rwanda,Dem. Rep. of the Congo,50736,10780,0,
2012,Dem. Rep. of the Congo,Congo,89424,46385,0,
2012,Afghanistan,Germany,31746,0,0,
2012,Iraq,Germany,49829,955,0,
2012,Viet Nam,Germany,23799,0,0,
2012,Sudan,Ethiopia,27175,0,0,
2012,Somalia,Ethiopia,223031,0,0,
2012,Afghanistan,Iran (Islamic Rep. of),824087,15035,0,
2012,Iraq,Iran (Islamic Rep. of),44085,6855,0,
2012,Syrian Arab Rep.,Iraq,63586,0,0,
2012,Iraq,Jordan,63037,2820,0,
2012,Syrian Arab Rep.,Jordan,238798,0,0,
2012,Ethiopia,Kenya,22221,0,0,
2012,Somalia,Kenya,512069,4,0,
2012,Syrian Arab Rep.,Lebanon,126939,0,0,
2012,Myanmar,Malaysia,84671,0,0,
2012,Afghanistan,Pakistan,1637740,83423,0,
2012,Dem. Rep. of the Congo,Rwanda,57857,0,0,
2012,Sudan,South Sudan,176834,0,0,
2012,Iraq,Sweden,24741,2545,0,
2012,Iraq,Syrian Arab Rep.,471418,56930,0,
2012,Sudan,Chad,306960,17657,0,
2012,Myanmar,Thailand,83317,0,0,
2012,Syrian Arab Rep.,Turkey,248466,68573,0,
2012,Burundi,United Rep. of Tanzania,35343,35200,0,
2012,Dem. Rep. of the Congo,United Rep. of Tanzania,63330,65,0,
2012,Dem. Rep. of the Congo,Uganda,127021,21912,0,
2012,Somalia,Yemen,226909,40,0,
2013,Dem. Rep. of the Congo,Angola,21104,1,0,
2013,Dem. Rep. of the Congo,Burundi,45124,285,0,
2013,Myanmar,Bangladesh,231125,5,0,
2013,Viet Nam,China,300896,0,0,
2013,Rwanda,Dem. Rep. of the Congo,43674,7199,0,
2013,Dem. Rep. of the Congo,Congo,31936,62865,0,
2013,Afghanistan,Germany,24203,0,0,
2013,Iraq,Germany,40230,685,0,
2013,Syrian Arab Rep.,Germany,21253,0,0,
2013,Syrian Arab Rep.,Egypt,131659,0,0,
2013,Sudan,Ethiopia,33582,0,0,
2013,Somalia,Ethiopia,240825,4481,0,
2013,Afghanistan,Iran (Islamic Rep. of),814015,8247,0,
2013,Iraq,Iran (Islamic Rep. of),43268,4035,0,
2013,Syrian Arab Rep.,Iraq,212809,0,0,
2013,Iraq,Jordan,55509,1710,0,
2013,Syrian Arab Rep.,Jordan,585304,0,0,
2013,Ethiopia,Kenya,23524,0,0,
2013,Somalia,Kenya,475304,28828,0,
2013,Syrian Arab Rep.,Lebanon,851284,1,0,
2013,Myanmar,Malaysia,92287,0,0,
2013,Afghanistan,Pakistan,1615876,31224,0,
2013,Dem. Rep. of the Congo,Rwanda,72988,0,0,
2013,Sudan,South Sudan,208130,0,0,
2013,Iraq,Sweden,24006,1640,0,
2013,Somalia,Sweden,20613,0,0,
2013,Iraq,Syrian Arab Rep.,146200,45840,0,
2013,Sudan,Chad,352948,16935,0,
2013,Myanmar,Thailand,135476,3000,0,
2013,Syrian Arab Rep.,Turkey,585601,140756,0,
2013,Burundi,United Rep. of Tanzania,35183,505,0,
2013,Dem. Rep. of the Congo,United Rep. of Tanzania,64569,2,0,
2013,Dem. Rep. of the Congo,Uganda,155742,321,0,
2013,Somalia,Yemen,230506,2615,0,
2013,Somalia,South Africa,20818,0,0,
2014,Dem. Rep. of the Congo,Burundi,52631,37,0,
2014,Myanmar,Bangladesh,232462,0,0,
2014,Viet Nam,China,300896,0,0,
2014,Rwanda,Dem. Rep. of the Congo,38028,5645,0,
2014,Dem. Rep. of the Congo,Congo,23376,10068,0,
2014,Afghanistan,Germany,27814,0,0,
2014,Iraq,Germany,41167,324,0,
2014,Syrian Arab Rep.,Germany,40994,0,0,
2014,Syrian Arab Rep.,Egypt,138381,0,0,
2014,Sudan,Ethiopia,35447,0,0,
2014,Somalia,Ethiopia,245097,0,0,
2014,Afghanistan,Iran (Islamic Rep. of),950000,4512,0,
2014,Iraq,Iran (Islamic Rep. of),32000,281,0,
2014,Syrian Arab Rep.,Iraq,234196,0,0,
2014,Iraq,Jordan,29263,750,0,
2014,Syrian Arab Rep.,Jordan,623112,0,0,
2014,Ethiopia,Kenya,21250,0,0,
2014,Somalia,Kenya,424691,486,0,
2014,Syrian Arab Rep.,Lebanon,1147494,0,0,
2014,Myanmar,Malaysia,93866,0,0,
2014,Afghanistan,Pakistan,1504912,12991,0,
2014,Dem. Rep. of the Congo,Rwanda,73400,0,0,
2014,Sudan,South Sudan,225727,0,0,
2014,Iraq,Sweden,24184,0,0,
2014,Somalia,Sweden,21189,0,0,
2014,Syrian Arab Rep.,Sweden,34285,0,0,
2014,Iraq,Syrian Arab Rep.,146200,1962,0,
2014,Sudan,Chad,357711,13105,0,
2014,Myanmar,Thailand,128863,0,0,
2014,Syrian Arab Rep.,Turkey,1557899,0,0,
2014,Burundi,United Rep. of Tanzania,34313,38,0,
2014,Dem. Rep. of the Congo,United Rep. of Tanzania,53881,5,0,
2014,Dem. Rep. of the Congo,Uganda,178217,5541,0,
2014,Somalia,Yemen,244204,1987,0,
2014,Dem. Rep. of the Congo,South Africa,30125,0,0,
2014,Somalia,South Africa,40133,0,0,
2015,Dem. Rep. of the Congo,Burundi,53029,35,0,
2015,Myanmar,Bangladesh,231948,0,0,
2015,Viet Nam,China,300896,0,0,
2015,Burundi,Dem. Rep. of the Congo,23163,6,0,
2015,Rwanda,Dem. Rep. of the Congo,245052,5024,0,
2015,Afghanistan,Germany,30026,0,0,
2015,Iraq,Germany,51396,175,0,
2015,Syrian Arab Rep.,Germany,115604,0,0,
2015,Syrian Arab Rep.,Egypt,117635,0,0,
2015,Sudan,Ethiopia,37785,0,0,
2015,Somalia,Ethiopia,256669,0,0,
2015,Afghanistan,Iran (Islamic Rep. of),951142,2881,0,
2015,Iraq,Iran (Islamic Rep. of),28268,1271,0,
2015,Syrian Arab Rep.,Iraq,244642,188,0,
2015,Iraq,Jordan,33256,286,0,
2015,Syrian Arab Rep.,Jordan,628223,0,0,
2015,Ethiopia,Kenya,21229,0,0,
2015,Somalia,Kenya,417920,5679,0,
2015,Syrian Arab Rep.,Lebanon,1062690,0,0,
2015,Myanmar,Malaysia,88637,0,0,
2015,Afghanistan,Pakistan,1560592,58211,0,
2015,Burundi,Rwanda,70848,0,0,
2015,Dem. Rep. of the Congo,Rwanda,73864,11,0,
2015,Sudan,South Sudan,241002,0,0,
2015,Iraq,Sweden,23886,0,0,
2015,Somalia,Sweden,21501,0,0,
2015,Syrian Arab Rep.,Sweden,52707,0,0,
2015,Sudan,Chad,299750,39470,0,
2015,Myanmar,Thailand,106349,0,0,
2015,Iraq,Turkey,24135,0,0,
2015,Syrian Arab Rep.,Turkey,2503549,0,0,
2015,Burundi,United Rep. of Tanzania,155755,5,0,
2015,Dem. Rep. of the Congo,United Rep. of Tanzania,55803,0,0,
2015,Burundi,Uganda,26256,0,0,
2015,Dem. Rep. of the Congo,Uganda,201782,5616,0,
2015,Somalia,Uganda,27720,0,0,
2015,Somalia,Yemen,253215,26631,0,
2015,Dem. Rep. of the Congo,South Africa,32582,4,0,
2015,Ethiopia,South Africa,20324,4,0,
2015,Somalia,South Africa,41458,0,0,
2016,Afghanistan,Austria,20220,0,0,
2016,Syrian Arab Rep.,Austria,30958,0,0,
2016,Dem. Rep. of the Congo,Burundi,57055,11,0,
2016,Myanmar,Bangladesh,276198,0,0,
2016,Viet Nam,China,317098,0,0,
2016,Burundi,Dem. Rep. of the Congo,36332,298,0,
2016,Rwanda,Dem. Rep. of the Congo,245052,6066,0,
2016,Afghanistan,Germany,46292,0,0,
2016,Iraq,Germany,86045,0,0,
2016,Syrian Arab Rep.,Germany,375122,0,0,
2016,Syrian Arab Rep.,Egypt,116013,0,0,
2016,Sudan,Ethiopia,39896,0,0,
2016,Somalia,Ethiopia,242014,0,0,
2016,Afghanistan,Iran (Islamic Rep. of),951142,2298,0,
2016,Iraq,Iran (Islamic Rep. of),28268,128,0,
2016,Syrian Arab Rep.,Iraq,230836,0,0,
2016,Iraq,Jordan,33118,0,0,
2016,Syrian Arab Rep.,Jordan,648836,0,0,
2016,Somalia,Kenya,324448,33792,0,
2016,Syrian Arab Rep.,Lebanon,1005503,0,0,
2016,Myanmar,Malaysia,87036,0,0,
2016,Syrian Arab Rep.,Netherlands,28394,0,0,
2016,Afghanistan,Pakistan,1352160,381275,0,
2016,Burundi,Rwanda,82886,192,0,
2016,Dem. Rep. of the Congo,Rwanda,73147,0,0,
2016,Sudan,South Sudan,241510,0,0,
2016,Iraq,Sweden,21693,0,0,
2016,Somalia,Sweden,22548,0,0,
2016,Syrian Arab Rep.,Sweden,96914,0,0,
2016,Sudan,Chad,312468,37210,0,
2016,Myanmar,Thailand,102633,71,0,
2016,Iraq,Turkey,30398,0,0,
2016,Syrian Arab Rep.,Turkey,2823987,0,0,
2016,Burundi,United Rep. of Tanzania,230850,3541,0,
2016,Dem. Rep. of the Congo,United Rep. of Tanzania,50324,0,0,
2016,Burundi,Uganda,41012,15,0,
2016,Dem. Rep. of the Congo,Uganda,205363,6,0,
2016,Somalia,Uganda,30689,0,0,
2016,Somalia,Yemen,255121,2266,0,
2016,Dem. Rep. of the Congo,South Africa,26156,6,0,
2016,Somalia,South Africa,28695,0,0,
2016,Dem. Rep. of the Congo,Zambia,21338,0,0,